{"url":"https://news.detik.com/berita/d-4019158/jokowi-hadiri-rakornas-pemerintahan-desa-di-kemayoran","date":"2018-05-14 09:20:00","title":"Jokowi Hadiri Rakornas Pemerintahan Desa di Kemayoran","content":"Jakarta -\nPresiden Joko Widodo (Jokowi) menghadiri Rapat Koordinasi Nasional (Rakornas) Program Pembinaan Penyelenggaraan Pemerintahan Desa Pusat dan Daerah Tahun 2018. Rapat diikuti oleh para aparatur sipil negara (ASN) dari sejumlah instansi. Pantauan Detikcom, acara digelar di Jakarta Internasional Expo Kemayoran, Jakarta Pusat, Senin (14/5/2018). Jokowi tiba sekitar pukul 08.50 WIB. Jokowi hadir didampingi Menteri Desa Pembangunan Daerah Tertinggal dan Transmigrasi Eko Putro Sandjojo dan Mendagri Tjahjo Kumolo, serta pejabat lainnya. Sebelum duduk ke tempat duduknya, Jokowi tampak berkeliling untuk menyalami para peserta rakornas. Tak jarang para peserta yang kemudian mengabadikan moment kedatangan Jokowi tersebut. Rapat koordinasi ini merupakan hasil kerjasama antara Direktorat Jenderal Bina Pemerintahan Desa Kemendagri dan Kemendes PDTT. Tema yang diangkat adalah \u0027Peningkatan Kapasitas Pemerintah Desa dan Penguatan Padat Karya Tunai dalam Upaya Pengentasan Kemiskinan\u0027. Acara ini diikuti oleh ASN di Lingkungan Kemendagri, Kepala Desa, dan Desa Terbaik di masing-masing Kabupaten/Kota. Dijadwalkan hadir sebagai narasumber yakni Menko Bidang Pembangunan Manusia dan Kebudayaan Puan Maharani , Menteri Keuangan Sri Mulyani, dan Direktur BPJS Ketenagakerjaan Agus Susanto. Saksikan juga video tentang \"Jokowi yang tak kenal lelah bagikan sertifikat untuk rakyat\": [Gambas:Video 20detik] (nkn/nkn)"}