{"url":"https://news.detik.com/berita/d-4019189/pengakuan-2-orang-ditangkap-karena-foto-polisi-di-gereja-matraman","date":"2018-05-14 09:46:00","title":"Pengakuan 2 Orang Ditangkap karena Foto Polisi di Gereja Matraman","content":"Jakarta -\nPolisi masih mendalami motif dua orang yang diamankan karena memotret polisi yang sedang berjaga di Gereja Matraman. Dari keterangan sementara, dua orang yang berinisial SS (37) dan SP (24) itu mengaku sebagai pemerhati ojek online \"Intinya masih didalami motifnya, sementara mengaku sebagai observator ojek online ,\" kata Kapolres Jakarta Timur Kombes Tony Surya Putra kepada detikcom , Senin (14/5/2018). Namun Tony tidak menjelaskan secara detail pengakuan kedua orang itu. Pihaknya masih mencocokkan keterangan kedua orang tersebut dengan fakta yang ditemukan. \"Masih kita dalami terus dengan fakta yang kita temukan,\" ujar dia. Sebelumnya, polisi menangkap SS dan SP saat berjaga di sebuah Gereja Katolik St Yoseph, Matraman, Jakarta Timur. Kedua orang itu diamankan karena memotret para polisi yang tengah berjaga. \"Iya benar, ada 2 orang yang diamankan (laki-laki dan perempuan), saat ini masih diperiksa,\" ujar Kasat Reskrim Polres Metro Jakarta Timur AKBP Sapta Maulana saat dimintai konfirmasi detikcom , Minggu (13/5). Saat itu keduanya mengenakan jaket ojek online saat mengambil gambar enam polisi yang hendak menuju Mapolres Jaktim. Karena curiga, salah polisi menegur serta memeriksa handphone milik keduanya. Saksikan juga video tentang \"ledakan terjadi di Rusunawa di Sidoarjo\": [Gambas:Video 20detik] (knv/mea)"}